{
  "resourceType" : "Patient",
  "id" : "Pasient-1",
  "meta" : {
    "profile" : ["http://hl7.no/fhir/ig/mal/StructureDefinition/mal-patient"]
  },
  "text" : {
    "status" : "generated",
    "div" : "<div xmlns=\"http://www.w3.org/1999/xhtml\"><p class=\"res-header-id\"><b>Generated Narrative: Patient Pasient-1</b></p><a name=\"Pasient-1\"> </a><a name=\"hcPasient-1\"> </a><a name=\"Pasient-1-no-NO\"> </a><div style=\"display: inline-block; background-color: #d9e0e7; padding: 6px; margin: 4px; border: 1px solid #8da1b4; border-radius: 5px; line-height: 60%\"><p style=\"margin-bottom: 0px\"/><p style=\"margin-bottom: 0px\">Profile: <a href=\"StructureDefinition-mal-patient.html\">Pasient</a></p></div><p style=\"border: 1px #661aff solid; background-color: #e6e6ff; padding: 10px;\">Rita Lin  (no stated gender), DoB Unknown ( urn:oid:2.16.578.1.12.4.1.4.1#13031353453)</p><hr/></div>"
  },
  "identifier" : [{
    "system" : "urn:oid:2.16.578.1.12.4.1.4.1",
    "value" : "13031353453"
  }],
  "name" : [{
    "family" : "Lin",
    "given" : ["Rita"]
  }]
}